Metric,Value
Loss,0.05284261984968468
Accuracy,0.9842312746386334
AUC,0.9991932885954624
Precision,0.9823529411764705
Recall,0.9774247491638796
F1 Score,0.9798826487845766
