Metric,Value
Accuracy,0.48459958932238195
AUC,0.5267247642864384
Utility Score,-0.014406328407120503
